open,high,low,close,volume,buy_volume,sell_volume
19500.0,19506.805543606926,19310.202182812624,19326.74162588511,121685.67483899539,7224.572476062739,114461.10236293265
19326.74162588511,19489.77297342666,19297.318699933574,19477.079779622927,112371.38190013802,100075.87270911556,12295.509191022458
19477.079779622927,19487.375120107452,19073.195870660507,19095.06736188203,66181.77414424237,2569.971810210323,63611.80233403205
19095.06736188203,19096.857698780317,19013.786096426775,19025.727424086686,127151.45920006988,10509.013527812984,116642.44567225689
19025.727424086686,19041.673965301943,18938.39081302546,18954.345640638367,100497.44490109428,15520.469628461327,84976.97527263295
18954.345640638367,18979.8285944607,18862.958358104217,18884.692017850037,95538.91007600314,19299.28413946868,76239.62593653446
18884.692017850037,18895.545677518705,18732.68370744288,18739.531604369247,47818.80720393709,2598.7261532986163,45220.08105063847
18739.531604369247,18930.988866132247,18736.768456170896,18912.059582416612,65490.6701311117,61833.35135832354,3657.3187727881595
18912.059582416612,18924.834491125486,18860.2350236838,18869.602860372972,64459.0482453996,11047.30697034541,53411.74127505419
18869.602860372972,18896.404535266487,18415.038019339496,18443.362819885613,75746.18365224157,4337.256533838866,71408.9271184027
18443.362819885613,18452.881384340224,18297.456497863895,18309.901284222506,180978.02343856645,12787.153680404832,168190.86975816163
18309.901284222506,18355.298471330916,18295.410256294625,18347.78481036902,359019.06389788684,293061.99035858636,65957.07353930047
18347.78481036902,18698.890938084467,18322.994586353816,18695.272078104757,93917.63733761491,90368.63501896521,3549.0023186496983
18695.272078104757,18769.641105333776,18684.98916309153,18753.289065139783,49006.33449293359,41296.63823839244,7709.696254541144
18753.289065139783,19037.4048278138,18737.97639501544,19011.141122559944,108526.82704056829,100992.21842395443,7534.608616613856
19011.141122559944,19028.719219136812,18867.21512299797,18885.96222806084,109837.9030296105,12352.268674988369,97485.63435462213
18885.96222806084,18891.788916878202,18748.264546165952,18765.438254890698,28048.636523866535,2247.457304155252,25801.17921971128
18765.438254890698,18907.572542536705,18746.62078572916,18881.01273774845,122819.36013910241,105506.07365526946,17313.286483832955
18881.01273774845,18900.811281307426,18876.243948424108,18884.107725535596,33291.02724796288,18742.51217167404,14548.515076288837
18884.107725535596,18904.973611398724,18835.55402648226,18845.117019273715,114204.72460643116,25029.836399994612,89174.88820643655
18845.117019273715,18872.870993962137,18496.017299640793,18521.267399548175,55378.32365067001,3894.4514038221464,51483.872246847866
18521.267399548175,18672.92739776606,18512.12435734584,18671.61965385209,60624.50583803753,58654.47547584955,1970.0303621879793
18671.61965385209,18873.17915610739,18650.868599891084,18855.383848610523,33107.6979593071,30237.430990662084,2870.266968645017
18855.383848610523,18867.350137392306,18740.475982014403,18747.701658946113,53661.24694365819,4058.6075565131837,49602.639387145005
18747.701658946113,19060.15800191771,18743.774810426192,19056.980747366004,51086.35099374278,50512.801714304296,573.5492794384845
19056.980747366004,19098.086308185022,19031.585560607884,19078.239378085036,84461.80524681752,55731.06911042575,28730.736136391766
19078.239378085036,19087.74301499859,19012.66446585853,19023.29240612628,35010.70696386094,4693.888983523607,30316.81798033733
19023.29240612628,19201.28266153013,19013.132280748847,19176.409282495075,84303.0759094207,76454.48115878824,7848.594750632459
19176.409282495075,19281.924067913646,19146.75891991659,19281.843425976414,208598.43201020564,185656.71583570028,22941.71617450536
19281.843425976414,19685.01684911676,19273.06874359264,19678.78777328087,78719.22620306021,77285.69098181305,1433.5352212471626
19678.78777328087,19766.149470512428,19666.956671662287,19741.940409988314,125065.23559690303,102344.98059060627,22720.255006296764
19741.940409988314,19746.77248042119,19466.419836871486,19484.440793906495,180712.3588046706,7365.410304785059,173346.94849988553
19484.440793906495,19497.959888622056,19250.413684192405,19266.84659137127,27837.848291817194,1684.128598728429,26153.719693088766
19266.84659137127,19275.752414635692,19183.919693843476,19211.74722104804,87332.46772212228,17466.618197105454,69865.84952501682
19211.74722104804,19477.406850034473,19210.289850062713,19455.150985479213,118671.41391246648,113403.90343889408,5267.510473572402
19455.150985479213,19480.328285913365,19404.222522854267,19409.200659380476,141493.93069477222,28032.116989791542,113461.81370498068
19409.200659380476,19429.15850334097,19247.119354025333,19250.461119173564,107459.52558263879,6876.995828910986,100582.5297537278
19250.461119173564,19277.096822953852,19056.310991551312,19077.200329598374,66432.33286135092,7149.913963835582,59282.41889751534
19077.200329598374,19322.159779775306,19074.65320470262,19305.190519738528,89910.44879707381,86365.64008307269,3544.8087140011194
19305.190519738528,19329.63583082533,19236.54517316594,19246.65716466937,230018.04362985468,42693.882150955505,187324.1614788992
19246.65716466937,19335.610668853617,19244.282695847225,19313.06134918983,176940.6883809565,152796.7588345646,24143.92954639191
19313.06134918983,19572.482914296193,19285.76519940152,19547.837790900176,31015.197402728838,28205.868300491933,2809.329102236905
19547.837790900176,19564.704342262103,19319.465919027287,19323.133225516263,37991.55679898274,1590.5199857240211,36401.03681325872
19323.133225516263,19347.482555964783,19015.09310697548,19029.132734197185,151995.05064983288,8777.251478983892,143217.79917084897
19029.132734197185,19057.090698639484,19010.954410492246,19028.41967426662,38463.39108291673,18934.45985046278,19528.93123245395
19028.41967426662,19049.952401135008,18983.71780739663,18995.0873828876,108302.19575514745,26899.776912598794,81402.41884254865
18995.0873828876,19004.293695905053,18972.743963233348,19003.327757856914,71231.17303389724,44917.90900270904,26313.2640311882
19003.327757856914,19006.980388521104,18941.53243035346,18957.811508127117,25528.66824308982,3887.2868342538723,21641.38140883595
18957.811508127117,19018.232024996767,18936.81648588393,19015.15296722044,106580.03824831253,90822.50352440358,15757.534723908946
19015.15296722044,19236.73454740945,18991.383988165104,19235.26163349077,78503.91794107862,74465.6400157847,4038.2779252939217
19235.26163349077,19458.481487259796,19220.830845225613,19446.134410563533,36035.1446179671,34004.97077079032,2030.1738471767749
19446.134410563533,19455.773977548724,19361.039863652644,19386.40585354952,36552.46291502638,6753.318668052605,29799.144246973774
19386.40585354952,19417.107545993877,19358.900883561357,19410.00955164271,220471.59885598713,154938.1139057609,65533.48495022624
19410.00955164271,19412.748441908807,19387.564533561526,19401.47411530809,75807.17636950273,25057.14436263826,50750.03200686447
19401.47411530809,19408.72468442545,19352.930405871808,19355.796295118467,41770.93898709795,3786.893352180563,37984.04563491739
19355.796295118467,19380.030027707173,19307.91095541591,19334.760304052492,23534.785739241626,8335.030757758768,15199.754981482858
19334.760304052492,19671.460094955797,19320.213020749216,19671.29373270359,376048.6618118281,368172.373113892,7876.2886979361065
19671.29373270359,19786.932568499273,19668.382587944423,19775.677002674787,69578.17160288514,65420.87939826188,4157.292204623256
19775.677002674787,19799.64468467124,19732.694920008253,19756.660309944644,38680.595384359316,13846.798194861516,24833.7971894978
19756.660309944644,19810.05685352835,19735.192271690015,19796.75582247431,62281.12980888781,47818.63722712571,14462.492581762097
19796.75582247431,19935.466123110004,19788.748648030578,19934.708852376014,75783.83871126294,73520.29341993784,2263.5452913251065
19934.708852376014,19991.691440372313,19904.91785454317,19989.667981318413,41583.43229338376,33960.407952165675,7623.024341218086
19989.667981318413,19992.831357301577,19777.89245318657,19784.866846754696,48603.75569357017,1146.2179836111295,47457.53770995904
19784.866846754696,19803.90011479168,19685.112849194073,19693.54989263766,55988.07075100724,6473.798916865511,49514.27183414173
19693.54989263766,19711.47288588847,19485.87359076925,19494.668164828065,99984.76514904456,5920.563030560199,94064.20211848436
19494.668164828065,19510.902557633566,19468.04036101403,19510.11665947604,21299.99588568772,14488.495481394753,6811.500404292967
19510.11665947604,19557.93957142988,19488.786698668173,19556.562714463817,303364.14145092666,253558.29822292415,49805.843228002515
19556.562714463817,19582.713202458086,19463.420114126737,19484.72496366636,274583.73207320645,54615.33383499972,219968.39823820675
19484.72496366636,19652.447415048988,19456.83205407924,19641.768685009778,32886.55288189609,29644.250590235006,3242.3022916610826
19641.768685009778,19669.969555457625,19582.320966282296,19607.30245220079,169692.70657353735,51482.049389924374,118210.65718361297
19607.30245220079,19643.08265579153,19585.666921219272,19642.590881365253,20621.408320217764,16647.792000234185,3973.616319983579
19642.590881365253,19645.13554968861,19478.793967014626,19485.558919328127,186435.0647418749,5217.095143180464,181217.96959869444
19485.558919328127,19596.988197287174,19478.795018518947,19579.945100872603,87918.00464487763,79063.58633448307,8854.418310394554
19579.945100872603,19599.773654723493,19229.916122280258,19238.86348407978,63388.99912004378,2465.9177275540496,60923.08139248973
19238.86348407978,19366.94803437083,19210.415912931236,19349.323221946444,84960.71950874617,72457.3980759323,12503.321432813871
19349.323221946444,19364.340064571916,19332.873544496466,19332.979510825455,72451.01042966709,17409.977122641772,55041.03330702532
19332.979510825455,19344.15140524328,19284.61460516153,19310.329196897666,22157.728076935044,6863.996123329215,15293.731953605828
19310.329196897666,19337.933673790438,19195.893752303622,19216.32084227347,207661.11740888393,35110.864400601575,172550.25300828237
19216.32084227347,19409.939281742652,19205.833855432644,19399.872965536473,59527.213062178176,56530.03441845022,2997.178643727959
19399.872965536473,19483.848349824828,19388.794230303614,19461.204437377644,42188.95340579998,34705.19984067435,7483.753565125626
19461.204437377644,19662.416512810654,19455.02098351624,19654.201246461063,52798.767930767244,50965.95434624384,1832.8135845234065
19654.201246461063,19664.01424323953,19400.496906422482,19426.96518945838,158214.4009011853,10891.543264463013,147322.85763672227
19426.96518945838,19430.487142574126,19178.110349360162,19187.141950106197,32556.98547306771,809.7136537567129,31747.271819310998
19187.141950106197,19189.90753302725,19094.425608923317,19112.513574824523,56228.119312446324,6140.197960346657,50087.92135209967
19112.513574824523,19132.820750614104,18899.00961137477,18905.47477479304,46061.02551512784,2637.0886420646957,43423.93687306315
18905.47477479304,18965.99736713595,18888.6826379237,18943.744554471607,52617.78183116547,39331.4477968555,13286.33403430997
18943.744554471607,19251.597260341692,18926.323158069772,19224.233296697363,41188.77343674525,38353.2356005937,2835.537836151547
19224.233296697363,19306.720649481762,19200.90022617072,19284.319720558466,37891.62567062597,29703.529585978875,8188.096084647092
19284.319720558466,19307.712720421136,19251.120914520005,19258.245261119653,52346.892015803736,14114.130256443468,38232.76175936027
19258.245261119653,19485.8486334646,19238.51080892516,19457.237719885852,138581.37717205926,125037.61899188955,13543.758180169709
19457.237719885852,19471.358382339247,19272.64627772826,19296.915193909615,109923.05482334667,10618.124560589626,99304.93026275704
19296.915193909615,19392.070612093383,19294.29296163003,19391.889775523785,54069.10679705078,53294.08598070022,775.0208163505595
19391.889775523785,19399.995063546696,19375.088245572788,19385.9009571564,38923.90286132748,14782.345536597108,24141.55732473037
19385.9009571564,19501.080726972505,19379.359893969915,19488.444725257403,169535.74969031443,156180.60745726342,13355.14223305101
19488.444725257403,19516.431474701647,19201.43608115833,19210.866621767203,212382.41616806472,12614.112191532626,199768.3039765321
19210.866621767203,19212.16916449631,19132.234576882922,19153.448028690953,72914.67967903419,10269.31256135806,62645.36711767613
19153.448028690953,19154.668524405693,19060.154992471485,19070.137600983344,255177.7106228042,15123.667637361259,240054.04298544294
19070.137600983344,19088.667400296785,19045.73773695219,19056.80398220262,95735.26107330015,33000.317639526,62734.94343377415
19056.80398220262,19067.65850016856,18949.287987981268,18975.188588527482,76970.37344457497,11949.99981669402,65020.37362788095
18975.188588527482,18984.095634009187,18874.913624132805,18903.42117288488,155410.8194452579,26628.163172974808,128782.65627228309
18903.42117288488,18923.098865971533,18882.376158834293,18894.54575478783,43802.228626718905,17127.81803746934,26674.410589249565
18894.54575478783,18920.417019388555,18886.637444404292,18917.93743910856,45339.19991780519,38367.84738098915,6971.352536816041
18917.93743910856,18946.551991207994,18726.0141645872,18729.100561148633,98510.83968450766,7080.161982251191,91430.67770225648
18729.100561148633,18742.351482790018,18653.718331608703,18666.423873078,57216.16224672491,8377.9555668394,48838.20667988551
18666.423873078,18667.04115779981,18575.203902861827,18602.7468133406,179891.04770334918,27580.130860750127,152310.91684259905
18602.7468133406,18707.563619498964,18587.04218689085,18699.256565797583,29240.78745915887,26327.942744976124,2912.8447141827455
18699.256565797583,18984.710905217198,18691.90264805074,18956.414888462885,21059.77513013485,19777.74228846603,1282.0328416688208
18956.414888462885,18957.139340636397,18784.582320546186,18805.86389131828,226744.805982067,14458.2683469786,212286.53763508837
18805.86389131828,18822.149704058604,18437.598729468344,18463.366234595785,104479.60504508615,5712.784951775352,98766.8200933108
18463.366234595785,18470.355631496248,18349.441124006225,18372.678530141842,31566.32383662808,3945.5524113249303,27620.771425303148
18372.678530141842,18431.567753372947,18351.535173715176,18424.40425118867,54403.39705648553,44782.38224590364,9621.014810581895
18424.40425118867,18432.72696998889,18225.86141824299,18255.82897042217,23317.11975798384,2157.96885092081,21159.15090706303
18255.82897042217,18278.63527815974,18194.729822170546,18201.632520895495,27530.074806287754,4873.885498214526,22656.189308073226
18201.632520895495,18233.376214149946,18179.654484376708,18213.922722792675,110679.98290574335,68000.41156247909,42679.571343264266
18213.922722792675,18227.45537317927,18187.28735602347,18195.900454715233,153074.9813058612,42197.25500794874,110877.72629791246
18195.900454715233,18199.83390786981,18142.601413088654,18160.966793939373,375273.836735234,73106.7990648321,302167.0376704019
18160.966793939373,18160.96925056778,18103.446385662224,18132.864305924082,191450.49807458778,48959.1905621465,142491.3075124413
18132.864305924082,18192.221165903058,18120.399199398955,18164.63699191323,129198.79025271517,93176.95149724036,36021.83875547482
18164.63699191323,18190.183433454844,18085.829031501107,18089.65739822765,199443.75011067226,28070.794380002735,171372.95573066952
18089.65739822765,18104.5526373989,17883.797780979814,17896.58065064099,49181.91367975327,3083.1991229923888,46098.71455676088
17896.58065064099,17922.267822374353,17870.851097022558,17898.147031324348,224476.83906861357,115657.69781557226,108819.1412530413
17898.147031324348,18025.39095514766,17887.952705703017,18016.28953312667,92324.05113994487,85843.09842368265,6480.952716262225
18016.28953312667,18129.617234501675,18001.956191675414,18117.69031295267,96816.50230170105,86858.77848509306,9957.723816607991
18117.69031295267,18129.832497531883,18069.978025187844,18099.752378265595,28326.798320853784,9918.735075404775,18408.06324544901
18099.752378265595,18104.184063574783,17987.905387249928,17996.431964285875,140856.2493060436,7848.611151885462,133007.63815415814
17996.431964285875,18012.118724312433,17835.638329698468,17836.656938782315,344206.71321248723,16291.045266165771,327915.6679463215
17836.656938782315,17856.492001936225,17738.032386512354,17749.38346763321,31664.356265849456,4168.041485450654,27496.314780398803
17749.38346763321,17784.651954906545,17727.571069118112,17767.74201711957,108966.59346368453,72006.40075196515,36960.192711719385
17767.74201711957,17803.268092134665,17746.23791619561,17787.13818881254,55686.38854605853,37312.76661272352,18373.62193333501
17787.13818881254,17811.07016666827,17531.461662444162,17550.29931791103,23126.84748652976,1768.7709278572775,21358.076558672485
17550.29931791103,17720.14074460886,17545.02446994736,17703.1135197322,77129.4628615757,72218.02072919949,4911.442132376207
17703.1135197322,17742.53222173079,17699.81036383884,17719.823846634914,155904.8549311374,108442.9213271455,47461.933603991914
17719.823846634914,17746.19369585568,17712.36513360957,17734.621391382578,103401.05780775996,74315.76405242863,29085.29375533134
17734.621391382578,17735.743154645752,17529.14721075535,17551.94858495766,79882.75190880854,4625.081255345026,75257.67065346352
17551.94858495766,17557.72982151474,17547.640555891194,17556.678826458716,147015.90961789546,107971.35298568195,39044.55663221351
17556.678826458716,17717.42859036737,17543.42244831474,17702.66930890163,50669.0667028265,46590.10917654854,4078.9575262779617
17702.66930890163,17857.792189804695,17676.91647951342,17838.34729610852,173086.80738925913,151461.10215404045,21625.705235218687
17838.34729610852,17867.03665694221,17789.35344647205,17810.291713558145,150943.46888990758,48214.83474776899,102728.63414213859
17810.291713558145,17924.23335142219,17788.8192012154,17902.712727405436,23341.44477159315,19636.06421734406,3705.380554249088
17902.712727405436,18128.367510363045,17878.933186583643,18112.884185297098,42267.36600176772,38940.76303548325,3326.6029662844667
18112.884185297098,18124.967800375627,17752.265992331322,17755.921178164346,79675.16637320431,1682.2987628136957,77992.86761039062
17755.921178164346,17769.308629122457,17546.78698819161,17566.68877090994,83776.33858234709,6266.469409353124,77509.86917299396
17566.68877090994,17741.250335035682,17540.387630464826,17712.452161023946,70497.91621387942,60828.65764664028,9669.258567239143
17712.452161023946,17873.6912228282,17698.736709193057,17854.914027477647,40179.659002436194,36448.56496916225,3731.094033273941
17854.914027477647,17874.909841047498,17727.740842802385,17733.501747113805,71619.87499046196,6267.260553574194,65352.614436887765
17733.501747113805,17762.524845204447,17692.56683757722,17693.51690549666,33164.499101113,7104.583670362083,26059.915430750916
17693.51690549666,17761.34723677977,17688.6568802723,17734.08198289592,337562.73475261586,262970.3294358005,74592.40531681536
17734.08198289592,17756.604408649804,17694.182740086253,17710.38205257423,234711.01788535435,72798.5874631373,161912.43042221706
17710.38205257423,17730.072348453614,17649.80927434781,17669.230828715008,51677.01426198872,12590.993215267707,39086.02104672101
17669.230828715008,17802.479028382557,17655.22653239115,17797.097323142916,44443.90273754376,41518.35107827566,2925.5516592681015
17797.097323142916,17866.618407992137,17776.55057917862,17852.78427187617,52785.55332126796,42710.8473878858,10074.70593338216
17852.78427187617,17882.660104229693,17810.483721083634,17830.246749264883,37453.42265503036,12879.179744713985,24574.242910316374
17830.246749264883,17848.577302160887,17823.48070273659,17848.0675571805,149267.38379116263,127630.22201578667,21637.161775375964
17848.0675571805,17949.24220400565,17834.447862748122,17922.97840912626,56396.03901366403,46599.08040669892,9796.958606965105
17922.97840912626,17926.450745204733,17806.172686421487,17834.750767373727,152282.09998753972,20289.256661969834,131992.84332556988
17834.750767373727,17839.69414819141,17775.32545777971,17781.536959276225,105264.86710382586,9121.027605601505,96143.83949822436
17781.536959276225,17880.580286170167,17752.013110635515,17875.680155430076,40681.14963109713,35234.94203470047,5446.207596396656
17875.680155430076,17973.555513529343,17858.05168277051,17955.87305053542,293781.9617176383,248875.58987605487,44906.37184158343
17955.87305053542,18105.872578463863,17932.933324392496,18090.309401103943,28968.905476555563,25744.111377216537,3224.7940993390257
18090.309401103943,18344.99062833092,18061.73473507026,18344.927871295426,75237.2909417804,71434.01238246019,3803.2785593202134
18344.927871295426,18369.043170778994,18166.145159195865,18177.616265568427,137632.9423842848,12069.762805077953,125563.17957920686
18177.616265568427,18190.830125631062,17937.698726664632,17963.021050547144,26341.126421547415,2005.0584345676982,24336.067986979717
17963.021050547144,17970.950889926506,17530.456560707433,17558.765003055774,208334.23909349123,8569.548288148182,199764.69080534304
17558.765003055774,17572.072892114153,17329.38338460927,17332.298172780735,38532.6910484127,1287.8665750785292,37244.82447333417
17332.298172780735,17342.449486117297,17288.727151885796,17311.95123397981,71705.14991039093,22273.675994375564,49431.47391601537
17311.95123397981,17338.062349113112,17034.461794361392,17064.335246865452,39860.084872126994,3675.140876108631,36184.943996018366
17064.335246865452,17235.099054438873,17055.632654114,17206.74195539052,123875.20538303135,111085.13179593554,12790.073587095816
17206.74195539052,17251.001903474433,17180.367682238833,17250.55141902192,25285.932160340228,20484.513038474484,4801.419121865743
17250.55141902192,17268.390726508514,17025.0994014656,17043.823900857737,108227.15379266426,8132.630190599633,100094.52360206463
17043.823900857737,17049.002253122922,17014.27585762894,17041.237238401915,97615.70376924092,45172.305026866234,52443.39874237469
17041.237238401915,17056.547365624017,17040.41701496233,17050.664844225146,84050.2666068559,66587.30183672355,17462.964770132356
17050.664844225146,17075.064253382578,16989.605290194624,17015.403524643105,28742.426171631276,8441.490579282912,20300.935592348364
17015.403524643105,17191.73381014999,16986.26260468256,17182.898300327848,46134.621464400145,41871.18170745721,4263.439756942935
17182.898300327848,17315.50341864782,17167.319889493563,17313.403952966273,114815.97973173817,107967.36867716916,6848.611054569017
17313.403952966273,17330.31279245722,17178.265404451322,17204.865749425007,130052.38291310924,18607.597251233685,111444.78566187555
17204.865749425007,17211.15350819845,17028.698796223634,17036.252108345267,79366.94425195735,3010.400472059355,76356.543779898
17036.252108345267,17128.116550093382,17018.33834815006,17113.076822104355,132866.64839842168,112924.5312450696,19942.117153352083
17113.076822104355,17308.28655988412,17086.144239778234,17292.17416607011,255099.0065901341,230383.47591860394,24715.53067153014
17292.17416607011,17319.44595996111,17280.616022689843,17312.056329841373,46280.31992069092,34988.65837049546,11291.661550195458
17312.056329841373,17366.457596556,17302.329681108124,17346.727789324228,132321.35210461906,101931.16980819138,30390.18229642768
17346.727789324228,17397.643033220527,17321.666128709832,17380.065973980927,65092.50649406342,46827.34310744444,18265.16338661898
17380.065973980927,17398.814907577194,17308.196738829123,17324.82910277609,317287.77380630124,61941.51397541874,255346.25983088248
17324.82910277609,17365.38489591527,17297.705676270587,17360.16393319911,38437.40277415233,29252.646193594657,9184.756580557674
17360.16393319911,17597.83682342514,17332.069777609868,17578.335525721435,40244.89534624475,36641.22426118648,3603.671085058275
17578.335525721435,17674.675366766394,17567.784425132104,17649.84571598733,44641.26346884151,37253.16575254495,7388.097716296565
17649.84571598733,17653.66737015518,17557.992720825336,17587.63080391834,164311.30954466324,28731.818119329364,135579.49142533386
17587.63080391834,17592.104557332736,17586.05339376483,17588.673012364146,52107.74035223943,30541.199470529158,21566.540881710273
17588.673012364146,17745.9024255254,17560.245557310023,17718.292512535794,167190.57684154014,141958.76080916982,25231.81603237032
17718.292512535794,17725.679800096797,17670.008342918816,17676.16883616067,112370.39489071426,13672.800712245573,98697.59417846869
17676.16883616067,17690.75218619226,17498.833130891326,17508.5804202406,28447.906842951044,1803.2491913088518,26644.657651642192
17508.5804202406,17520.313294425112,17208.28678167946,17217.6020439333,59176.70685729041,1995.9191751758935,57180.78768211452
17217.6020439333,17313.55746386927,17217.17772976539,17296.881676331937,170524.4040714223,155396.82211677343,15127.581954648864
17296.881676331937,17314.73592568857,17267.174506325515,17306.69529218503,58656.06222415499,35379.44915039414,23276.613073760855
17306.69529218503,17434.935177717794,17285.99671576768,17414.125515889078,65576.59204427779,56438.69451834934,9137.897525928449
17414.125515889078,17420.747437182785,17398.33226279354,17407.151486760376,161066.507052437,55476.95701172508,105589.55004071191
17407.151486760376,17418.169453649865,17298.639545667196,17301.13999375846,37483.23347260233,2119.6113736512993,35363.62209895103
17301.13999375846,17422.99065595749,17279.43602600352,17420.554686032494,63088.17597899781,57783.76804397648,5304.407935021329
17420.554686032494,17448.09948358113,17244.07296978426,17253.419054882863,247053.16295210173,22335.35502931883,224717.8079227829
17253.419054882863,17272.829642736964,16940.598304409836,16948.09069050917,40884.62358600849,1655.3495058123226,39229.27408019617
16948.09069050917,16956.96427936408,16919.293703594394,16951.073886025337,74325.93019031416,40105.96207819212,34219.96811212204
16951.073886025337,16968.70009082735,16907.14078183638,16924.66495127046,332508.35981498676,94931.16049955267,237577.1993154341
16924.66495127046,17163.680157650466,16917.471867123317,17143.62716392509,21225.146171888664,20050.730021610634,1174.4161502780298
17143.62716392509,17155.429774026885,17083.69206850192,17108.06185568141,143176.81341641254,36097.1161432284,107079.69727318414
17108.06185568141,17110.734734718815,16873.25242608474,16901.812747833814,79970.06785387182,5258.752116219565,74711.31573765226
16901.812747833814,16921.297776504678,16655.349527321076,16681.48931642606,109652.91968835099,9405.766901509218,100247.15278684176
16681.48931642606,16924.6653187327,16660.4556489362,16895.562362418113,157952.3249401049,142965.74950427905,14986.575435825856
16895.562362418113,16927.616842977495,16892.509980888666,16907.97426364388,167809.26120061445,113568.80237277401,54240.45882784044
16907.97426364388,16926.39943576091,16860.01210353696,16862.961946248506,92204.26563872123,14843.701947816035,77360.5636909052
16862.961946248506,16863.554628965896,16635.982699231066,16646.94971766664,97375.37613123705,2473.1306911318243,94902.24544010522
16646.94971766664,16656.82809167126,16617.41452097279,16626.63216054826,131263.1533807065,31798.729664710438,99464.42371599606
16626.63216054826,16733.54843752269,16611.1471818391,16730.512978899536,85279.19848690096,78827.43439957246,6451.764087328498
16730.512978899536,16877.041804913857,16703.417647231712,16854.697669105644,56840.88101544703,48748.16245085331,8092.718564593713
16854.697669105644,17089.940491083697,16837.961572078093,17070.06139852359,54479.82061082614,50521.574880907356,3958.245729918781
17070.06139852359,17075.921968920306,16993.24073125263,16998.754952412863,26808.32475086242,1844.0647154900605,24964.260035372357
16998.754952412863,17025.64772255892,16907.354751095438,16914.052865326044,44971.58129874103,6385.143466059864,38586.43783268117
16914.052865326044,16919.887800512377,16860.221394427965,16889.24642622445,29551.354093298534,8632.656930371757,20918.69716292678
16889.24642622445,16946.61716963774,16863.48462794087,16926.57713077807,42212.95292632255,30584.349037865617,11628.603888456932
16926.57713077807,16964.38667504777,16905.550990579068,16944.168835689954,69048.2366257825,44846.73301836691,24201.503607415594
16944.168835689954,17020.773828597292,16921.57270509175,16993.92749486313,78765.95220772401,59137.2290389896,19628.72316873441
16993.92749486313,17107.098490233537,16980.315666062128,17092.137843753666,21750.767455521116,19299.831102255208,2450.936353265908
17092.137843753666,17096.863851636746,16753.58223144753,16757.15432239914,67732.74331691746,818.6470893470176,66914.09622757045
16757.15432239914,16903.303331965362,16727.556925726127,16902.105940358975,58000.770277492025,52919.23979570767,5081.530481784357
16902.105940358975,16914.906110377553,16826.853177397024,16827.32554051642,22444.459308244364,1691.5667647234573,20752.892543520906
16827.32554051642,16837.498517511292,16780.66170243948,16805.290770871856,69120.42670399665,21161.74373127628,47958.68297272037
16805.290770871856,16943.065140925195,16794.74068958635,16920.429453733046,54743.36491133768,48619.288209091166,6124.076702246515
16920.429453733046,17061.234879001735,16908.48531716837,17037.172608990564,123918.6704723617,109313.50245154096,14605.16802082074
17037.172608990564,17039.572804590716,16779.21729811726,16782.701059411458,196261.70655555846,2217.728053895526,194043.97850166293
16782.701059411458,16940.807385178505,16752.880923243425,16927.237169877833,56191.575847758206,49704.53777842853,6487.038069329676
16927.237169877833,16937.52975278675,16802.59854943524,16821.719251384122,21025.550557424547,2291.651198820697,18733.89935860385
16821.719251384122,16844.617310502137,16636.06134159854,16648.55378035445,65284.40516565217,5539.154823431449,59745.25034222072
16648.55378035445,16663.47790732626,16262.655561518979,16273.032690829705,68315.15745976266,2156.1413989907333,66159.01606077193
16273.032690829705,16285.172230900134,16118.95576596786,16134.503047507173,98097.92794488385,8170.128730634609,89927.79921424924
16134.503047507173,16155.930751120331,16133.99459806947,16138.092093544004,78799.86613421954,45846.285501745,32953.58063247454
16138.092093544004,16145.270890924801,15913.481560933393,15925.617717371731,160140.12329188117,6672.220602406516,153467.90268947466
15925.617717371731,15926.359951981534,15888.041179457945,15897.303705802902,101670.14448493239,13272.678439549145,88397.46604538325
15897.303705802902,15906.758559039685,15628.23970456699,15634.413629752444,47473.13827450322,1331.95140505857,46141.186869444646
15634.413629752444,15650.573376991108,15540.280627652328,15544.661699761862,100428.29446039228,9351.836210112655,91076.45825027963
15544.661699761862,15552.593623636565,15513.678973726854,15534.406435394521,54112.14796495284,19925.926542466157,34186.221422486684
15534.406435394521,15543.073137454146,15510.852987600112,15530.052743662976,75441.5266901992,32623.810778860545,42817.71591133866
15530.052743662976,15531.134089240852,15412.324495494231,15421.883512511344,73720.12229099456,3301.117388701382,70419.00490229318
15421.883512511344,15441.38265122415,15294.903375586107,15305.214305917805,36161.58826656649,3679.6312594043166,32481.957007162175
15305.214305917805,15346.911965020241,15303.15560431161,15322.75216437187,232478.20963948304,162828.5591102981,69649.65052918493
15322.75216437187,15323.086990918393,15280.979959811832,15292.683719143224,103031.12596922647,14728.526631809713,88302.59933741676
15292.683719143224,15543.139066289947,15274.150799319941,15517.371673348707,60560.955242175376,55573.9918910085,4986.963351166873
15517.371673348707,15655.452906580416,15515.416945390052,15644.912187295213,66768.1874057659,63789.31556383001,2978.871841935892
15644.912187295213,15674.865961075504,15611.815704925604,15623.208890805789,37159.9532479665,12184.336605040653,24975.616642925845
15623.208890805789,15735.436030539122,15621.924323079933,15715.468378066433,240135.22200677713,217655.57330028003,22479.6487064971
15715.468378066433,15722.537528412271,15480.592503984562,15485.064364214615,80543.11172909208,1920.9919825368595,78622.11974655522
15485.064364214615,15505.147600776956,15326.692826866993,15335.521642457437,205963.16315501067,16684.388946901436,189278.77420810924
15335.521642457437,15492.49873460333,15333.385811155207,15466.077892488192,33039.40758650405,30074.546053246115,2964.8615332579357
15466.077892488192,15488.416489330828,15401.975164415238,15403.302280620874,38783.333175993685,5309.007207460207,33474.32596853348
15403.302280620874,15535.405212234175,15397.907566767739,15533.28105684632,58815.389438968916,57207.2701833651,1608.119255603815
15533.28105684632,15655.430479834262,15512.08666242688,15636.61525923468,26854.27667632395,23106.541716885633,3747.734959438316
15636.61525923468,15645.218871878684,15601.56045998703,15631.312417375622,85755.26315314003,37669.62492470682,48085.63822843321
15631.312417375622,15661.066556446174,15491.867045607136,15517.923061332902,34425.69323334003,5677.6265451234685,28748.066688216564
15517.923061332902,15624.900362190294,15497.517477088883,15619.340704852531,26521.124450858053,23818.142010011295,2702.9824408467575
15619.340704852531,15625.979633040597,15501.288395136133,15529.7415937359,75223.56223551036,10585.165516696114,64638.39671881424
15529.7415937359,15560.615441950786,15521.651095400091,15543.40405286537,66394.28655653947,44837.390155357934,21556.89640118154
15543.40405286537,15548.159003190158,15541.95657180846,15546.54032940616,111066.7259928978,83613.96121328324,27452.76477961456
15546.54032940616,15548.189777720476,15389.834877220863,15405.473392589436,44742.58772808839,2442.324895791815,42300.262832296576
15405.473392589436,15448.815800292736,15391.781921347627,15439.921901372243,31970.431219817154,25640.29870294137,6330.132516875783
15439.921901372243,15443.71647202584,15273.421064930946,15276.616932976596,25939.971338600793,532.4036114540738,25407.56772714672
15276.616932976596,15489.879209951252,15247.881588732414,15466.108203785287,34751.56289286554,30981.53050708639,3770.032385779152
15466.108203785287,15507.983769987613,15452.00956040598,15503.915201370948,177866.83910747283,149002.25488850166,28864.58421897117
15503.915201370948,15546.549557651311,15492.177324297776,15541.84605968308,121650.55114121163,103257.86969385175,18392.68144735988
15541.84605968308,15738.758525810492,15540.67247917478,15727.55614526222,90143.2894311556,87327.3166292884,2815.972801867203
15727.55614526222,15851.860982379694,15717.476397580103,15846.915007223652,62098.46646458824,58626.80955109937,3471.656913488863
15846.915007223652,15982.876433577276,15843.490252538511,15970.261991195463,58959.81299535908,55567.55397579283,3392.259019566256
15970.261991195463,16221.593955290844,15958.114074383495,16204.51052462552,230041.0043369224,217280.2415252788,12760.762811643595
16204.51052462552,16226.800734815895,16175.266798114359,16208.858227816943,181619.19272456339,98470.82306426426,83148.36966029913
16208.858227816943,16323.793686547997,16202.231909808019,16294.056496204446,113967.75448999472,96921.82318062279,17045.93130937194
16294.056496204446,16357.017938934476,16293.534491403952,16329.454560598702,148550.89228837087,115691.07695503296,32859.815333337916
16329.454560598702,16330.636865625835,16156.8205981497,16181.655242662986,32018.58382600443,2396.2828446744847,29622.300981329943
16181.655242662986,16254.079824803663,16178.929284961978,16225.893583588258,165602.09091822963,131542.95583934485,34059.13507888478
16225.893583588258,16378.615886234287,16200.307115117452,16355.558658980814,70826.8123938728,61165.82407112015,9660.988322752644
16355.558658980814,16376.971708482675,16315.242799638514,16324.802827419227,23865.7763906839,5987.442110984502,17878.334279699397
16324.802827419227,16325.385040048122,16307.933859498107,16308.165753954901,112787.17732108576,2630.791652427477,110156.38566865829
16308.165753954901,16311.178829211056,16006.190945012393,16008.40631019918,74750.56458739442,640.728526066355,74109.83606132807
16008.40631019918,16010.462407720379,15913.842857036196,15920.068177933828,28433.699804976215,1218.5492667531832,27215.15053822303
15920.068177933828,15920.169708775857,15863.040871553792,15871.593082318594,34349.93320206589,2601.6234584565095,31748.30974360938
15871.593082318594,15892.896074413402,15778.068871360685,15799.930919790238,22071.096232775973,4148.40620505004,17922.690027725934
15799.930919790238,15938.798866886202,15795.760638000538,15909.945313798182,121116.22435247904,107134.9194062806,13981.304946198434
15909.945313798182,16058.778955347483,15904.145624777448,16028.930124494771,156942.29184349565,138851.88277986523,18090.409063630417
16028.930124494771,16044.095212922153,15956.46460099817,15985.42753292666,105856.38417578409,26652.973048734435,79203.41112704965
15985.42753292666,16006.988534855986,15792.913336060998,15801.559374672845,169538.91632004044,11961.378402106116,157577.53791793433
15801.559374672845,15889.281022742658,15801.325585228466,15859.963112969706,267437.7692492588,222510.24265414226,44927.526595116535
15859.963112969706,15887.685678380647,15810.09050056079,15833.369231221945,42294.87811354312,13899.662721373346,28395.215392169775
15833.369231221945,15836.27481186331,15521.717075031265,15546.953861863612,129968.27970114136,5813.901009258476,124154.37869188288
15546.953861863612,15561.717273182603,15489.12802753005,15503.078586369247,50234.41623060897,9935.559431653517,40298.85679895546
15503.078586369247,15635.668743771768,15481.5191085937,15625.598572431603,131892.395702562,118361.02992189165,13531.365780670356
15625.598572431603,15646.899962566296,15496.31975056621,15525.498485329459,218383.89568725284,36605.22914519919,181778.66654205363
15525.498485329459,15697.857395268979,15524.412259731147,15668.71276347729,95657.38563144546,87321.0181272274,8336.367504218055
15668.71276347729,15694.034590721358,15556.21560442184,15578.721354815592,51895.33821884362,9004.667587340067,42890.670631503555
15578.721354815592,15594.318815725097,15472.959887313607,15478.60978362543,20306.763702774784,1777.6403765653852,18529.1233262094
15478.60978362543,15528.076375023058,15476.986817748762,15512.211821613046,63694.14459305357,52793.16363485656,10900.980958197011
15512.211821613046,15590.67504639611,15507.065411717747,15579.273789365381,33586.071073702195,30262.46417349559,3323.6069002066033
15579.273789365381,15623.730326911184,15572.117311665479,15619.98920835598,253905.94935897522,227101.0387205341,26804.910638441128
15619.98920835598,15626.573061889541,15445.631418789651,15468.547116684605,92912.21772450517,7573.902552626539,85338.31517187864
15468.547116684605,15682.423104567257,15454.021480046762,15678.414503669606,306426.41349641525,293993.53359283466,12432.879903580586
15678.414503669606,15691.246128122857,15471.267158009228,15478.553595341857,229941.09014135023,10514.571134201027,219426.5190071492
15478.553595341857,15675.40243416463,15478.217535041049,15659.10029542756,132748.7002158036,127148.12099795468,5600.579217848921
15659.10029542756,15775.649752219178,15637.614667202648,15746.28883694152,152336.9876626367,124279.59461176442,28057.393050872284
15746.28883694152,15762.573619641485,15685.018939492562,15689.592610321693,72464.41241860291,9744.708997860269,62719.70342074264
15689.592610321693,15697.902036925478,15438.524025593117,15463.631996109189,54102.04380739397,3485.1633598787816,50616.88044751519
15463.631996109189,15489.458509631444,15289.642700806897,15297.485312582214,48786.32423353682,4110.267533609571,44676.05669992725
15297.485312582214,15319.467130657844,15052.614580144334,15058.016154863379,100710.83212024265,5167.2810871026295,95543.55103314001
15093.437733343388,15100.096076374788,14979.00572256156,15000.0,146586.4204216073,16737.496102304493,129848.92431930281
15000.0,15093.712011931008,14990.740503079074,15065.111367123332,83638.06538124944,68262.21508758524,15375.850293664203
15065.111367123332,15072.944987660483,15027.20970739043,15037.673712802,150112.7284547249,30028.312269957732,120084.41618476715
15140.411941279757,15164.5088330057,14978.864829622149,15000.0,30558.201957701334,3722.7447790901883,26835.457178611145
15000.0,15041.928490907074,14981.344657456262,15028.352706376245,21478.29921140494,15764.978084322274,5713.321127082667
15028.352706376245,15043.893307819473,14989.229403570798,15009.903689675964,24854.921439358754,8233.204317567337,16621.717121791415
15038.425667967764,15066.759430866117,14992.536059887647,15000.0,21747.15410060585,5244.292690824942,16502.861409780908
15107.009201697138,15131.287555870107,14974.522548684528,15000.0,81549.66205784574,12941.565199543944,68608.0968583018
15000.0,15128.324003364996,14997.591425389379,15110.13196559742,114530.87620935634,105507.08802029348,9023.788189062863
15110.13196559742,15151.932389707503,15105.129639292027,15131.654171322245,161279.98884026078,117722.22856560224,43557.76027465853
15131.654171322245,15140.917094823153,15086.843752039043,15104.083964594356,307535.57045098476,75366.68389757012,232168.88655341463
15104.083964594356,15216.100413462176,15080.382088020871,15194.35151988979,137082.88324081246,114129.0094848101,22953.87375600236
15194.35151988979,15201.614239233326,15077.082215345437,15083.470262570116,38682.12228234976,2120.0997348074497,36562.02254754231
15095.400651653092,15123.435722983984,14971.450126694524,15000.0,27532.05576804896,5125.156229914699,22406.89953813426
15175.028731271774,15188.883231847776,14997.78761102968,15000.0,342359.56276321696,14392.410607043334,327967.1521561736
15000.0,15038.76957450595,14975.80339994884,15034.571031546235,273950.0996062817,212180.01184981063,61770.0877564711
15062.971509526682,15080.671058937816,14996.123505002537,15000.0,181362.44223153868,23141.320626701847,158221.12160483684
15000.0,15047.806093253781,14971.738315529008,15027.621302567604,32615.234969656085,22229.14760149525,10386.087368160835
15027.621302567604,15264.433028699921,15007.314131809491,15261.182887797178,86857.19759714972,82878.25614529577,3978.9414518539415
15261.182887797178,15271.624149563804,14990.319547855644,15002.707069333748,147260.6448265459,5975.340113191611,141285.3047133543
15002.707069333748,15052.566590193393,15000.364485830034,15025.02105118682,173069.06986327036,123524.04073178644,49545.02913148391
15025.02105118682,15045.234419221177,15012.654427108273,15014.31401201784,268740.9955101779,90211.18127540725,178529.81423477066
15014.31401201784,15080.212478759338,14986.681482987176,15052.743128995993,39782.55737509896,28064.016176530706,11718.541198568251
15052.743128995993,15119.491746095893,15051.305225114469,15091.370867809352,190581.69755072484,149273.21896844963,41308.47858227522
15091.370867809352,15248.63304350577,15068.72497624508,15240.441804549451,150657.43672216893,137745.72267054924,12911.714051619696
15240.441804549451,15242.869925696963,15189.885082250037,15217.317516072617,155971.15597610103,43950.16549816089,112020.99047794014
15217.317516072617,15420.29283634286,15203.200705192556,15409.91822784531,32753.69473567377,30906.127830122852,1847.566905550917
15409.91822784531,15512.79209447957,15386.433587461,15497.794875902897,85387.41389323096,72385.25639702276,13002.157496208194
15497.794875902897,15536.679510646685,15496.674226642068,15514.539907620832,150731.93127281408,106911.93553600363,43819.99573681045
15514.539907620832,15540.497242180123,15473.971342264049,15489.342729167327,58061.62595513042,18035.17704977067,40026.44890535975
15489.342729167327,15576.585101106119,15462.683003015209,15563.106369069883,27482.92094952098,22640.507631788503,4842.413317732477
15563.106369069883,15588.488733594231,15509.333105634852,15527.704456272662,81761.2204805257,22596.98548567621,59164.234994849496
15527.704456272662,15535.908090713992,15498.950512966609,15512.625051671572,137163.6337995117,40599.11271989279,96564.52107961892
15512.625051671572,15531.389766094217,15248.085948541073,15268.501981935793,198210.64879731575,13706.206842389518,184504.44195492624
15268.501981935793,15288.008379322804,15159.738963165752,15186.671916528065,126545.53244222468,22907.613299062075,103637.91914316261
15186.671916528065,15403.059106341012,15182.113668383725,15375.065588123587,133053.5577102513,123252.20502284491,9801.352687406397
15375.065588123587,15571.757845185582,15374.96869146878,15559.597117194631,35379.54012141543,34277.677760718674,1101.8623606967594
15559.597117194631,15603.903106469264,15552.257243814824,15575.447959208404,173595.94532569844,113437.49190178921,60158.45342390923
15575.447959208404,15633.741038066715,15571.413536589578,15619.04906248549,56477.08030380815,47992.76543572908,8484.31486807907
15619.04906248549,15649.038390009837,15313.89103268463,15330.814827913582,70074.27020939722,4904.41408581858,65169.85612357864
15330.814827913582,15347.805814359766,15101.314703038186,15123.164299016418,28935.682036536655,2279.755113928955,26655.9269226077
15123.164299016418,15170.34206689467,15116.896630475636,15161.988577027201,129281.45956688028,111597.58582360223,17683.873743278047
15161.988577027201,15180.985955064154,15143.526638246754,15144.463003055525,31277.87419828267,8322.163269404067,22955.7109288786
15144.463003055525,15236.710281062109,15124.531241119412,15225.176764151403,101805.13429258857,87527.39158686346,14277.742705725104
15225.176764151403,15253.318913555859,15172.896434965342,15183.557226563555,69358.9194488499,16732.449102233306,52626.470346616596
15183.557226563555,15186.418018130487,15120.954346901979,15148.261388691784,108214.07418662995,24934.319261751523,83279.75492487842
15344.431830331365,15345.9757956832,14993.571173757366,15000.0,175079.36902189258,1980.4951962243917,173098.87382566818
15000.0,15064.074517531804,14994.18374639165,15045.408385148221,36779.02662384675,30337.272501496973,6441.754122349779
15045.408385148221,15203.410586352611,15029.59733889188,15187.138128562072,182562.38796321405,165713.15121459018,16849.236748623865
15193.031316577259,15218.868860275983,14974.644044915867,15000.0,116974.29277215223,12259.858413296004,104714.43435885622
15183.979014855038,15212.649794040268,14998.641451114385,15000.0,97067.03865571707,6810.1502698597815,90256.8883858573
15086.847107895168,15112.23083156817,14991.842612701119,15000.0,328097.0832687561,45705.222583371324,282391.8606853848
15024.812271036508,15032.921550544508,14973.080912696736,15000.0,29255.4790275267,8562.506078414131,20692.97294911257
15000.0,15030.598611029398,14981.743517725452,15024.944295880747,32721.00390267405,24713.80093887008,8007.202963803968
15024.944295880747,15256.62016224015,15017.423254145488,15238.729530220744,157665.70758618557,149290.70484180874,8375.002744376834
15238.729530220744,15475.93831264814,15230.392949546536,15446.82500398264,180491.31276558834,166727.29864520556,13764.01412038278
15446.82500398264,15470.38830737029,15320.465102395134,15324.585005341552,25104.016391184374,2317.7188137291637,22786.29757745521
15324.585005341552,15336.183983348099,15155.702141853188,15159.592638470122,26631.647333058314,1142.802572630326,25488.844760427986
15159.592638470122,15168.619677154751,14983.194417561856,15005.067074559041,27808.648973759686,2317.048908272171,25491.600065487513
15005.067074559041,15073.985276028587,14995.804374517707,15044.166228994167,83107.34306527823,62335.13336286687,20772.209702411354
15082.345517271035,15092.580429973506,14993.811936985974,15000.0,58059.630432551625,4827.004401206083,53232.62603134554
15000.0,15106.600594516847,14978.567193185716,15084.552494341891,36073.31107963993,29947.95524459831,6125.355835041617
15084.552494341891,15339.570329045628,15065.471385186875,15317.425832209967,37335.42340124934,34527.72295380036,2807.7004474489804
15317.425832209967,15343.468203872253,15276.339900684296,15284.993333908427,56952.90760636447,14718.284808211161,42234.62279815331
15284.993333908427,15437.364674709279,15263.94270277406,15417.875165347294,39505.28907958607,34887.79467629995,4617.494403286124
15417.875165347294,15447.68824250523,15413.768362806048,15437.111387780831,126818.7260676246,99369.29633855063,27449.429729073963
15437.111387780831,15493.540659062603,15434.347962320875,15480.54390332884,624043.1088959127,540966.7074962298,83076.40139968286
15480.54390332884,15502.267662050963,15368.225618102702,15386.898757180405,185147.1316863458,27899.342386747692,157247.7892995981
15386.898757180405,15542.922103287674,15383.180264148497,15528.873690313689,82308.55697617974,77731.27026420465,4577.286711975088
15528.873690313689,15547.830974945318,15358.323827451894,15372.521324568002,30707.34333602823,2686.1658777123776,28021.17745831585
15372.521324568002,15421.727607848696,15344.798503205404,15396.59036292901,59306.13799465536,38930.713115606246,20375.42487904911
15396.59036292901,15424.739837970403,15298.870368936376,15323.464473099306,64137.59694492101,13437.914890722644,50699.68205419836
15323.464473099306,15325.537971280452,15110.52457136533,15110.816355442284,42535.858351070056,233.96056043620277,42301.897790633855
15119.358913118604,15126.997433589984,14978.11016862262,15000.0,33698.25038518888,3341.6350091447475,30356.615376044138
15000.0,15142.37545423657,14996.470394868376,15128.583939409242,121697.26574795194,114473.61994764673,7223.64580030521
15128.583939409242,15263.834896990325,15117.598555783927,15236.42547945172,133750.33326265425,116192.05257516193,17558.280687492326
15236.42547945172,15277.35941803305,15208.808622352195,15252.432188040579,32220.690105371054,19872.133606167183,12348.55649920387
15252.432188040579,15269.933894286387,15192.938310476426,15201.399903096093,40154.4014602275,6770.13326146962,33384.268198757876
15201.399903096093,15214.530666356153,15104.479084389512,15129.81112221971,41816.61940232182,7307.41115028247,34509.20825203935
15129.81112221971,15329.993724453165,15104.979810800563,15314.143453120972,31314.83725502099,28484.040877909712,2830.7963771112773
15314.143453120972,15474.37596987367,15287.608989809854,15451.442003598368,22648.496946960324,19649.076021280227,2999.420925680097
15451.442003598368,15509.492232937455,15445.32390836717,15488.748548578129,85138.2228324414,67318.18318072097,17820.039651720435
15488.748548578129,15509.874659899204,15408.798040082711,15434.010361023496,253086.0246150556,58013.463594944325,195072.56102011126
15434.010361023496,15624.444813831507,15424.527363108493,15608.092020675978,59547.13576581142,55699.42924261835,3847.7065231930683
15608.092020675978,15634.589952691986,15555.52617842901,15557.261265734674,304139.75960756186,54302.89528632997,249836.8643212319
15557.261265734674,15624.67190657528,15530.7595940397,15621.0986898805,82256.62073533048,69085.51131878758,13171.109416542895
15621.0986898805,15690.435679073396,15597.140445485004,15661.894815772928,104348.52205513358,74989.01414363403,29359.507911499546
15661.894815772928,15684.711988494522,15657.890759931523,15664.380946893112,70399.56867058255,38462.546108271854,31937.022562310696
15664.380946893112,15664.720800018822,15547.053972904654,15547.54202213388,126990.15028771148,446.75057131841106,126543.39971639308
15547.54202213388,15560.965702500382,15509.633928345855,15524.351166873501,43394.83986477979,11894.880794331264,31499.959070448524
15524.351166873501,15529.257658638593,15364.297180335734,15388.826501329788,22225.00491852722,1982.9327911857908,20242.072127341427
15388.826501329788,15427.608690965295,15378.680863605508,15400.128285595394,235246.36403220016,144792.82962797614,90453.53440422402
15400.128285595394,15417.923353899918,15346.81239108867,15374.94653633573,27545.165010098182,8895.448156288458,18649.716853809725
15374.94653633573,15399.22232769205,15302.080694897742,15320.471412536837,101733.88970040916,22341.759115950317,79392.13058445884
15320.471412536837,15404.032538053558,15311.119028943975,15385.280022608522,118022.12637109606,100172.192719437,17849.93365165907
15385.280022608522,15387.743760582214,15110.569907710691,15116.414051262145,21067.236033052366,315.7298194105355,20751.50621364183
15116.414051262145,15124.929787151827,15017.011202540998,15037.146550887644,49620.96072037937,6586.883670750288,43034.077049629086
15037.146550887644,15108.643972550924,15029.472431932509,15096.439418856013,81124.50845212663,70939.99306427823,10184.515387848398
15096.439418856013,15112.325535850796,15029.257780463924,15049.207889937126,20527.803304814584,4427.945625203787,16099.857679610797
15049.207889937126,15116.345120542286,15032.189867262958,15108.755937687944,159528.79859420945,136205.48969931217,23323.308894897287
15108.755937687944,15167.84941573295,15096.933693803008,15143.1124520823,154335.17284794254,114552.93936971229,39782.23347823025
15143.1124520823,15168.5899093109,15106.081789648373,15114.531596314295,29787.091489941777,8083.705917611955,21703.385572329822
15114.531596314295,15373.20362957132,15091.12403133815,15361.50189183556,159078.66489387193,149178.72701153698,9899.937882334954
15361.50189183556,15388.277963131759,15330.88106110631,15350.134155490583,198139.1616960514,79448.36724335393,118690.79445269746
15350.134155490583,15367.790592025018,15289.62296427248,15297.48772604071,101248.93012086592,16528.54319519401,84720.3869256719
15297.48772604071,15400.713717881701,15282.993537977947,15373.7992923359,159236.7314925362,131230.6058985382,28006.125593998004
15373.7992923359,15395.088657714803,15327.804917194002,15352.381845345837,30615.610819375946,10435.096069237003,20180.514750138944
15352.381845345837,15405.35036630195,15346.184343145615,15392.916988345232,129809.90567374286,109371.88511081971,20438.02056292315
15392.916988345232,15395.160035782214,15273.148730838057,15289.073246446604,52871.76874086861,3936.3204596818236,48935.448281186786
15289.073246446604,15295.641188418782,15177.844337077298,15205.944332046889,51298.723389808176,7548.677606482092,43750.04578332608
15205.944332046889,15237.856083231814,15182.60559727206,15211.085998384176,32831.2689240273,17943.290077206497,14887.978846820806
15211.085998384176,15220.0554144391,15069.448707304262,15076.5637663939,230083.70232654974,12286.224370893633,217797.4779556561
15099.247979549305,15112.901494331687,14981.646567657694,15000.0,33806.7040265296,4121.9381841744735,29684.76584235513
15067.11644814137,15067.851766299069,14997.157049514388,15000.0,104202.68851467625,2637.150481812948,101565.5380328633
15063.989793895367,15084.26135634666,14973.85913691189,15000.0,264051.78342634917,55502.88662477007,208548.8968015791
15088.252570086453,15099.760053921596,14993.208855835786,15000.0,127499.34381515194,10948.08460415722,116551.25921099471
15000.0,15092.533048499514,14993.046646715738,15062.670289581965,128439.42554897841,104674.1660895777,23765.25945940071
15089.6484081172,15112.873133825564,14991.571218982463,15000.0,223298.32395536284,29134.639005269943,194163.6849500929
15066.425975337093,15073.78354086796,14976.385098306428,15000.0,44874.259293872805,7134.9525138576955,37739.30678001511
15034.715603195764,15049.914074336863,14995.939382723152,15000.0,91657.7196593047,16352.517025382054,75305.20263392264
15162.927074527473,15165.166612697216,14978.946458520315,15000.0,100286.63403311139,6272.104554502634,94014.52947860876
15000.0,15073.713290122107,14973.137322572076,15059.245785832876,322723.37291958556,256414.2139224105,66309.15899717505
15059.245785832876,15089.217793972359,15021.54845360871,15032.844603663312,85580.34033639247,26095.59221596229,59484.74812043019
15032.844603663312,15061.186570069996,14987.519998477326,15005.639240463674,183243.29419330662,57785.40180487991,125457.8923884267
15005.639240463674,15108.112058062397,14977.157833655583,15094.0031454377,30706.39322780456,25713.064062117384,4993.329165687177
15094.0031454377,15168.747524201875,15086.944378671467,15144.517389993103,97157.44627684561,78576.56105641977,18580.885220425844
15144.517389993103,15242.652523511058,15116.606943921983,15229.464355872822,34122.680942886705,28559.634276072542,5563.0466668141635
15229.464355872822,15369.613842375176,15221.86894251508,15348.01359498138,113171.00535618499,101989.22418330361,11181.781172881383
15348.01359498138,15422.717634004497,15323.800608808711,15417.844738827993,51804.76014542471,44188.34070736651,7616.419438058205
15417.844738827993,15497.59502420871,15399.788278388798,15480.460601953331,215931.42401686008,177085.3436726634,38846.08034419667
15480.460601953331,15620.164712909967,15460.865432647444,15607.519104429462,37002.612106054235,33258.10995745284,3744.502148601394
15607.519104429462,15650.74217657753,15579.68646715134,15629.37574743983,64574.1927841269,42218.56488884458,22355.62789528232
15629.37574743983,15704.885583889243,15602.142258695318,15704.450556867843,152560.24921622555,132018.20596074706,20542.043255478493
15704.450556867843,15975.038308743904,15701.721507974104,15962.57376585064,54659.22427355944,53139.9800509802,1519.2442225792402
15962.57376585064,15987.548918607334,15743.264812609888,15752.129123556117,38346.330447265835,2655.963334192633,35690.367113073204
15752.129123556117,15774.663887499037,15730.341035813815,15769.477967361967,83282.44627740979,57940.42431033954,25342.02196707025
15769.477967361967,15781.478059931771,15602.116331089837,15628.984549275743,52086.27466911553,5643.63848134677,46442.63618776876
15628.984549275743,15780.181264882245,15599.995986062659,15753.092790784302,21578.19086286321,18220.42206496702,3357.7687978961912
15753.092790784302,16049.170833082377,15742.58786335571,16048.795791100178,22275.547219660704,21880.2916179314,395.2556017293027
16048.795791100178,16067.29053538018,16017.299327295977,16031.19407636979,44404.16374805852,14384.813067299181,30019.350680759337
16031.19407636979,16067.719292352514,16003.134989162056,16057.746475343582,317825.8959689625,224246.470040794,93579.42592816852
16057.746475343582,16252.818437318681,16028.394721494527,16247.34640554989,90861.70172096147,83812.20516935225,7049.49655160922
16247.34640554989,16248.744637739277,16194.461841193652,16194.839393631357,65100.29892972357,1064.8319303276721,64035.466999395896
16194.839393631357,16280.126642554274,16181.474950824391,16279.990177076732,128996.92958603545,120170.03729060073,8826.892295434722
16279.990177076732,16451.840252319278,16251.370482655067,16434.00282597385,41965.755702423776,37103.15675791604,4862.598944507736
16434.00282597385,16573.043212342123,16404.55096437552,16545.928417090356,20284.350375452825,16879.392874551053,3404.9575009017717
16545.928417090356,16804.196856121474,16516.251106435506,16785.760789601085,106391.4274000214,97502.85918831504,8888.56821170637
16785.760789601085,16804.284175152032,16658.142209667676,16685.932089259117,205916.49301963256,32628.08566588534,173288.40735374723
16685.932089259117,16706.857035308447,16610.780525783037,16639.460522575762,41942.95400779292,10827.71348824485,31115.240519548068
16639.460522575762,16805.964583126337,16616.733386977576,16791.325146107298,92857.58344137123,83689.51362693538,9168.069814435847
16791.325146107298,16795.249909344806,16679.16498449823,16693.30136305094,107445.71829962313,8358.502861272262,99087.21543835086
16693.30136305094,16821.04813167316,16674.981098694538,16803.121739385344,27779.20750684902,24332.4906953401,3446.716811508919
16803.121739385344,16824.442080777473,16589.47210505796,16606.224680088057,93458.9203244329,7571.719858095936,85887.20046633696
16606.224680088057,16624.091686935684,16588.13636702275,16597.322771388823,26964.042142760998,10144.108324415703,16819.933818345293
16597.322771388823,16614.413996061652,16366.325059762421,16373.019192213724,40257.484064589546,1929.8293782847104,38327.654686304835
16373.019192213724,16382.773871934027,16270.870814668895,16276.07054945719,61134.601631860656,4084.9293842561788,57049.672247604474
16276.07054945719,16316.299383613283,16266.148645224692,16313.051971825957,95990.30077750437,83387.03065232749,12603.270125176874
16313.051971825957,16353.719470628674,16285.467664542419,16346.91101545767,118106.57243270813,88349.03543167448,29757.53700103365
16346.91101545767,16349.124291178849,16297.928235675603,16303.567458019212,60274.62569533205,4622.488754024798,55652.13694130725
16303.567458019212,16326.09111740603,16267.653331491412,16271.883299936133,22971.485546027066,5258.332134057182,17713.153411969884
16271.883299936133,16281.794148000457,16212.177244519087,16227.930466880245,63554.69188935808,11714.626814411538,51840.06507494654
16227.930466880245,16330.116416504436,16206.46308725869,16321.259512751658,145682.24870551238,127818.96180776779,17863.28689774459
16321.259512751658,16406.542299998182,16315.469142059022,16385.829465599007,125237.17087142092,107014.5326109756,18222.638260445325
16385.829465599007,16473.082502844565,16364.174939905017,16464.84116139065,28239.102264637542,24363.189394618057,3875.912870019485
16464.84116139065,16465.942195886208,16188.12105753094,16214.64164536226,110279.57452127646,5482.1256147548675,104797.44890652159
16214.64164536226,16237.989368353177,16016.453084520459,16036.424714386685,53605.72033591878,5241.049173115237,48364.67116280354
16036.424714386685,16041.273233397907,15883.557112991055,15893.279170464868,102555.16257334664,4737.270471640591,97817.89210170605
15893.279170464868,15911.267012772196,15869.380689274285,15892.638493805993,80769.82773305954,39767.20217631034,41002.625556749204
15892.638493805993,15920.637430913583,15828.320360994052,15853.705972672387,240681.79743575086,69589.99656451808,171091.8008712328
15853.705972672387,15869.480723897948,15849.326772550354,15864.271972862382,82164.76576273315,62620.41568909887,19544.350073634283
15864.271972862382,15932.246044890935,15850.014495229041,15924.48727831378,41467.991473880174,35916.7801020801,5551.211371800076
15924.48727831378,16028.641282538236,15907.461309244489,16011.714375914295,26942.2866657452,23167.867159000354,3774.4195067448454
16011.714375914295,16012.551512126207,15884.269222775149,15909.923108682198,42849.10048293744,4424.29143731897,38424.80904561847
15909.923108682198,15952.981941215754,15881.784281519824,15939.028932097597,98554.5899532237,69422.0055205143,29132.584432709395
15939.028932097597,16071.371778312727,15924.381060423802,16064.934540399507,86728.71656090903,80508.30849946332,6220.408061445705
16064.934540399507,16082.509330996523,16014.085120324358,16014.610416485575,57852.52362126141,7651.792300130644,50200.73132113076
16014.610416485575,16039.268705292881,15614.308242288447,15635.996476113964,235252.02483850505,12828.385512043926,222423.63932646113
15635.996476113964,15769.08159481411,15631.30997519336,15762.368171103193,38174.03494833817,36594.678029656374,1579.3569186817986
15762.368171103193,15782.305250121732,15582.93015141462,15603.430709142047,26785.946201266142,2716.388278696199,24069.557922569944
15603.430709142047,15719.627303085412,15594.011775650606,15697.426990328058,39991.90528973435,34958.63461397792,5033.27067575643
15697.426990328058,15771.155426188694,15677.935596033121,15753.002220323428,39582.445549929296,31590.233304941434,7992.2122449878625
15753.002220323428,15763.801113384287,15689.676569587304,15713.99106024344,53262.47834420652,12615.429006487615,40647.04933771891
15713.99106024344,15735.962328389705,15641.48063615347,15644.984965731503,158251.12569758747,21335.0434474065,136916.08225018097
15644.984965731503,15730.373119706237,15616.265431754211,15710.191759293557,22397.333383568148,17598.140384112558,4799.19299945559
15710.191759293557,15898.465369675068,15708.59282152205,15887.181539249881,65136.31340910333,62926.578418449404,2209.734990653924
15887.181539249881,16055.251875439304,15859.143682016474,16050.530862504203,188656.90991388442,172899.82421952084,15757.085694363574
16050.530862504203,16075.225507545454,16040.173505009278,16050.443181004799,105705.870357179,52720.72519715974,52985.14516001925
16050.443181004799,16076.182659473008,15976.276520270701,15995.3632045047,20491.88231738159,4597.177201359747,15894.705116021843
15995.3632045047,16019.365120056951,15816.318990264244,15828.690163051035,66271.20986240153,5935.815110391937,60335.3947520096
15828.690163051035,15860.085488852263,15821.803501355766,15850.968208637405,33943.93491240138,26848.73429632963,7095.200616071754
15850.968208637405,15996.254603593587,15838.909820838939,15969.226417393238,51059.53212521084,44717.5926410497,6341.939484161143
15969.226417393238,15993.771661397934,15644.62406374178,15665.509819446219,29753.906099675965,1935.7854793135834,27818.12062036238
15665.509819446219,15696.22150700153,15650.792247073818,15681.305251516083,122865.19703423008,82792.27812220641,40072.91891202367
15681.305251516083,15692.871351864798,15670.295131173561,15686.875641922968,50491.61055693191,31474.881148185872,19016.72940874604
15686.875641922968,15695.104998875931,15638.243524781969,15664.363845177277,65883.65928856333,19899.96280562355,45983.69648293978
15664.363845177277,15684.910755962643,15475.33001250765,15499.876097733242,45401.38993485368,4884.23855520865,40517.15137964503
15499.876097733242,15507.511680127773,15388.811728704497,15415.514993188897,86599.13560517198,12526.18228456432,74072.95332060766
15415.514993188897,15613.734671831386,15410.096903135334,15598.844723046304,205530.189927849,195281.8084358119,10248.381492037093
